attendance_pct,assignment_score,midterm_score,participation,previous_gpa,weighted_score,performance_category
41.84,23.54,21.84,1.34,1.03,26.8,At-Risk
70.45,75.01,61.94,5.91,2.55,67.22,Average
90.83,76.82,73.35,9.12,3.59,82.01,High-Achiever
78.31,52.28,37.38,2.88,1.97,51.66,At-Risk
84.06,71.43,79.56,6.26,1.58,72.95,Average
71.73,58.67,60.12,6.95,1.71,61.87,Average
42.88,54.95,56.4,3.31,1.48,48.4,At-Risk
90.86,74.4,78.59,9.57,3.06,82.11,High-Achiever
61.47,49.38,71.47,1.83,0.58,52.43,At-Risk
77.46,59.6,58.78,5.39,1.97,62.23,Average
50.77,34.88,26.17,2.3,0.95,33.93,At-Risk
65.41,41.7,20.0,2.39,0.48,36.35,At-Risk
75.52,68.05,55.13,1.56,0.6,55.5,At-Risk
100.0,98.01,100.0,7.69,3.39,95.67,High-Achiever
62.35,68.3,62.18,6.61,0.88,60.12,Average
83.06,79.87,72.03,5.58,1.57,71.84,Average
54.12,57.16,26.92,3.18,0.31,39.86,At-Risk
89.28,72.36,65.42,4.8,2.27,70.5,Average
85.82,74.49,63.16,5.34,2.28,70.07,Average
54.99,37.27,63.16,2.56,1.06,47.22,At-Risk
53.9,22.13,20.58,2.84,0.71,29.79,At-Risk
84.32,69.29,79.07,7.59,3.58,78.66,High-Achiever
73.4,83.51,81.09,7.55,3.99,81.09,High-Achiever
73.39,80.32,82.75,9.76,3.1,80.78,High-Achiever
88.12,81.15,83.04,4.95,2.61,78.7,High-Achiever
80.45,79.49,72.97,7.21,2.89,76.31,High-Achiever
33.62,28.7,33.66,3.33,0.89,31.23,At-Risk
60.65,44.96,57.05,2.9,0.04,46.51,At-Risk
93.3,89.9,74.87,7.07,3.36,83.72,High-Achiever
73.92,66.52,55.34,4.23,1.42,59.5,Average
90.07,88.0,93.83,7.46,3.71,89.4,High-Achiever
60.82,48.74,48.81,3.91,0.89,48.17,At-Risk
65.15,40.9,20.73,3.91,1.7,40.9,At-Risk
81.76,79.04,68.33,6.31,1.91,71.78,Average
66.45,86.81,49.07,4.65,0.99,60.17,Average
93.89,80.06,100.0,8.3,2.73,88.61,High-Achiever
49.1,41.45,29.84,2.61,0.14,34.55,At-Risk
91.77,86.47,79.17,7.07,2.78,82.32,High-Achiever
92.18,70.16,76.59,7.09,1.8,75.16,High-Achiever
77.08,68.54,45.17,6.02,1.84,60.59,Average
70.96,66.31,65.77,4.25,2.84,65.4,Average
67.37,80.01,38.78,3.69,0.89,54.4,At-Risk
84.94,72.15,97.0,8.91,3.97,87.22,High-Achiever
84.74,83.79,82.41,7.25,3.28,82.31,High-Achiever
60.49,35.18,61.24,2.9,0.27,45.87,At-Risk
77.84,64.41,71.5,7.4,2.81,71.44,Average
92.83,64.53,77.15,7.91,3.06,78.05,High-Achiever
40.49,29.02,55.04,2.07,1.99,40.94,At-Risk
57.62,37.77,20.0,3.33,0.37,34.09,At-Risk
85.42,86.15,68.79,7.92,3.61,80.46,High-Achiever
81.71,61.83,43.97,6.44,2.42,61.56,Average
56.07,72.4,64.78,7.22,2.5,65.04,Average
48.76,46.38,29.2,1.98,0.66,36.18,At-Risk
92.7,82.66,79.25,8.73,3.69,85.58,High-Achiever
90.66,83.47,83.54,7.43,3.62,85.07,High-Achiever
76.1,65.59,72.4,4.44,3.24,69.7,Average
66.21,78.89,66.26,7.27,2.72,70.23,Average
34.14,53.51,29.45,3.17,1.66,38.08,At-Risk
41.61,55.77,41.51,1.57,1.08,41.07,At-Risk
80.98,65.93,57.18,4.12,1.83,62.59,Average
53.69,47.16,44.27,3.91,0.6,43.9,At-Risk
44.37,55.23,45.64,2.78,0.21,41.9,At-Risk
82.18,94.63,61.75,6.83,2.28,75.27,High-Achiever
82.4,84.49,92.9,9.71,3.28,87.49,High-Achiever
88.11,92.22,75.74,9.47,4.0,87.27,High-Achiever
41.09,42.82,48.37,2.85,0.71,40.11,At-Risk
92.93,86.27,81.35,8.58,3.66,86.94,High-Achiever
73.32,91.91,75.86,8.71,3.6,81.79,High-Achiever
59.9,66.2,52.1,3.6,0.93,53.08,At-Risk
84.21,73.82,62.51,7.36,1.67,69.8,Average
84.9,74.73,63.48,4.04,1.53,66.8,Average
50.84,33.25,53.69,1.94,0.37,39.98,At-Risk
80.43,73.59,67.6,6.08,2.95,72.25,Average
68.91,60.48,68.51,6.05,2.94,66.29,Average
71.34,87.82,82.26,6.82,1.47,74.96,High-Achiever
86.07,92.53,86.97,7.2,3.47,86.61,High-Achiever
82.24,73.93,73.56,5.99,1.9,71.85,Average
70.5,69.26,63.1,5.3,2.21,64.69,Average
94.77,87.64,96.07,9.97,4.0,94.4,High-Achiever
72.01,74.01,49.12,4.84,0.94,58.42,Average
65.31,78.4,58.34,5.02,3.2,66.46,Average
68.72,69.55,74.08,5.27,1.72,66.36,Average
83.75,88.66,61.02,8.79,3.26,78.35,High-Achiever
75.4,61.54,54.98,4.97,2.25,61.32,Average
30.0,67.41,39.07,2.41,1.0,40.97,At-Risk
45.57,57.1,56.59,1.95,0.82,46.65,At-Risk
75.98,43.04,44.24,1.64,1.09,47.4,At-Risk
76.94,70.61,58.95,7.89,1.83,67.03,Average
73.23,73.51,65.48,6.54,3.13,70.7,Average
92.75,61.11,84.1,4.33,2.31,73.79,Average
64.28,70.97,76.06,7.13,2.06,68.91,Average
80.77,88.18,97.47,7.81,3.37,87.71,High-Achiever
49.18,54.65,46.65,1.21,0.68,42.86,At-Risk
78.63,79.73,66.99,7.94,1.49,71.34,Average
66.13,66.02,56.65,7.2,2.22,62.78,Average
46.46,77.34,49.96,5.47,2.08,56.6,At-Risk
72.79,48.02,75.08,5.82,2.39,64.52,Average
48.51,38.89,23.39,1.19,1.57,33.99,At-Risk
65.73,76.62,75.48,5.18,2.48,69.62,Average
54.31,50.62,20.0,1.82,0.53,35.38,At-Risk
69.03,47.96,64.17,3.59,0.28,52.79,At-Risk
72.6,61.53,72.68,6.86,2.42,68.23,Average
83.75,86.69,92.6,8.3,3.26,86.85,High-Achiever
68.4,73.11,68.49,7.09,2.18,68.47,Average
49.11,29.38,56.42,1.23,0.06,37.93,At-Risk
78.22,56.61,76.43,4.86,2.16,66.9,Average
46.89,42.17,24.7,2.93,0.6,34.1,At-Risk
84.08,64.83,74.67,4.04,2.62,70.22,Average
53.64,73.08,52.86,6.4,1.02,56.48,At-Risk
83.89,75.08,68.87,4.35,2.79,71.73,Average
61.69,67.5,69.12,5.72,1.78,63.22,Average
83.21,91.33,67.24,8.97,3.79,82.25,High-Achiever
83.38,79.36,69.16,7.3,3.36,77.14,High-Achiever
91.37,87.95,86.15,9.52,2.72,86.99,High-Achiever
70.94,66.16,60.16,4.18,0.99,58.97,Average
61.37,59.27,51.12,7.87,1.72,57.67,Average
76.85,59.54,57.92,7.43,2.77,65.82,Average
46.64,46.26,47.0,2.9,0.11,40.5,At-Risk
85.48,74.39,79.69,7.83,3.55,80.58,High-Achiever
56.75,56.66,62.6,5.62,0.75,54.62,At-Risk
30.96,69.94,26.86,2.14,0.58,36.86,At-Risk
34.84,35.55,28.3,3.41,1.07,32.17,At-Risk
75.77,66.2,56.43,6.47,2.09,64.12,Average
90.92,91.78,84.4,9.25,3.51,89.02,High-Achiever
71.05,70.79,71.69,4.41,2.3,67.13,Average
49.92,57.15,76.0,2.2,1.27,54.95,At-Risk
92.41,78.57,90.16,9.99,3.21,87.81,High-Achiever
75.07,76.16,74.47,7.45,1.88,72.29,Average
96.73,84.5,90.61,8.22,3.31,88.99,High-Achiever
70.97,51.57,63.07,4.23,3.11,61.57,Average
51.06,47.61,37.15,2.35,1.32,41.47,At-Risk
96.53,80.89,77.26,8.67,3.36,84.61,High-Achiever
40.92,49.14,38.29,1.39,1.3,38.65,At-Risk
46.82,49.58,24.35,2.17,1.3,36.83,At-Risk
76.75,86.48,99.19,7.23,3.45,86.42,High-Achiever
59.48,82.44,64.1,7.87,2.81,69.62,Average
33.65,36.03,38.54,3.89,1.24,35.97,At-Risk
30.0,45.84,26.04,1.23,1.35,31.37,At-Risk
68.35,59.61,53.51,5.76,1.12,56.6,At-Risk
64.9,57.29,51.11,1.27,1.33,50.47,At-Risk
33.97,60.55,54.75,1.75,1.01,44.33,At-Risk
71.96,56.42,81.54,6.24,2.68,69.5,Average
43.48,70.56,52.2,3.4,0.71,49.34,At-Risk
58.74,64.79,30.46,1.41,1.36,44.82,At-Risk
80.24,71.71,76.37,8.45,3.2,77.34,High-Achiever
57.52,60.45,20.0,3.63,1.19,42.09,At-Risk
71.01,68.19,72.79,6.45,2.33,68.91,Average
70.75,56.27,64.85,7.45,2.41,64.7,Average
59.81,34.59,33.23,3.24,0.41,37.84,At-Risk
56.96,45.2,51.42,1.47,1.79,46.91,At-Risk
90.81,88.75,87.16,7.66,3.08,86.39,High-Achiever
85.65,78.68,86.47,7.62,3.14,82.5,High-Achiever
67.98,73.24,59.4,6.57,2.63,66.27,Average
72.21,60.72,62.99,4.21,2.96,63.73,Average
89.96,99.07,85.98,9.53,3.6,91.58,High-Achiever
64.46,65.19,46.38,5.14,2.15,56.83,At-Risk
51.72,79.02,40.5,1.43,1.16,49.16,At-Risk
96.13,75.85,64.79,7.85,2.06,75.42,High-Achiever
55.05,41.65,36.66,1.49,0.78,38.6,At-Risk
30.23,65.78,54.52,2.04,0.93,44.72,At-Risk
75.48,79.64,67.92,7.32,2.55,72.85,Average
61.68,62.71,71.81,5.99,2.82,65.69,Average
52.16,59.59,33.87,1.68,0.83,41.86,At-Risk
74.4,43.8,94.88,7.46,2.05,70.61,Average
60.3,39.28,64.7,5.75,3.17,57.99,Average
46.67,62.07,28.95,1.88,1.32,41.05,At-Risk
72.89,85.22,62.48,4.34,2.25,68.23,Average
72.1,54.88,53.28,5.47,2.03,58.28,Average
86.54,100.0,85.15,7.2,4.0,89.38,High-Achiever
62.65,78.86,59.1,7.49,2.64,67.21,Average
72.49,68.41,57.28,6.44,1.84,63.44,Average
71.12,77.21,80.52,7.58,2.87,75.99,High-Achiever
95.15,100.0,70.31,8.62,2.74,85.34,High-Achiever
52.21,75.48,53.2,5.78,2.33,59.49,Average
61.41,50.68,25.46,1.07,1.3,39.99,At-Risk
66.2,37.8,48.77,2.42,1.4,46.56,At-Risk
91.79,83.77,94.1,8.9,3.89,90.73,High-Achiever
78.78,22.73,51.92,1.09,0.16,42.45,At-Risk
37.78,53.34,52.72,2.42,0.85,43.14,At-Risk
64.64,80.36,77.0,7.71,2.54,73.4,Average
44.08,56.82,49.51,3.79,0.49,45.1,At-Risk
77.37,59.02,65.31,6.56,2.19,65.74,Average
96.2,82.08,78.21,8.53,3.03,84.13,High-Achiever
94.79,91.43,83.27,8.53,3.09,87.78,High-Achiever
63.3,79.25,51.92,6.85,3.1,65.83,Average
75.82,74.37,65.64,4.57,1.79,66.28,Average
50.48,60.81,62.68,7.0,1.66,57.77,Average
93.21,83.55,77.81,8.18,3.95,85.59,High-Achiever
77.46,68.06,60.2,4.12,2.14,63.91,Average
66.66,53.93,65.8,7.37,2.63,63.83,Average
92.25,83.53,87.28,9.14,3.79,88.74,High-Achiever
89.76,81.99,96.99,7.78,3.06,87.48,High-Achiever
42.61,46.89,20.0,3.66,1.92,36.84,At-Risk
74.77,61.49,76.8,4.71,2.11,67.09,Average
56.75,70.41,67.92,7.48,3.17,67.58,Average
73.49,64.63,58.25,6.77,2.03,63.86,Average
75.55,87.56,78.97,7.38,3.42,80.4,High-Achiever
88.15,64.78,78.39,5.41,3.04,74.75,High-Achiever
99.94,82.59,95.92,7.24,3.83,91.22,High-Achiever
43.53,41.56,26.25,1.82,1.05,33.6,At-Risk
63.45,40.37,39.49,3.39,0.49,42.42,At-Risk
74.63,69.94,74.36,5.51,2.12,69.27,Average
83.03,80.22,70.79,7.12,3.46,77.82,High-Achiever
65.1,72.95,69.6,6.03,2.42,67.47,Average
72.48,61.12,63.56,7.74,1.63,64.28,Average
78.8,79.58,60.03,4.39,1.96,66.9,Average
62.31,73.51,85.31,4.43,2.32,69.78,Average
68.35,69.85,50.18,5.4,1.67,59.17,Average
66.21,68.64,70.19,6.41,2.28,66.87,Average
81.81,60.58,41.22,5.49,2.34,59.3,Average
80.91,90.61,70.79,8.99,3.68,82.31,High-Achiever
91.87,90.01,77.43,7.27,3.67,85.14,High-Achiever
89.2,89.43,73.6,7.57,3.11,82.08,High-Achiever
30.0,36.64,50.5,3.49,0.89,37.54,At-Risk
75.72,72.79,64.73,4.42,1.89,65.68,Average
46.66,46.1,49.31,2.98,0.6,42.45,At-Risk
73.13,53.62,75.11,6.31,1.83,65.11,Average
84.34,62.52,45.84,3.77,1.46,57.88,Average
83.32,93.04,73.84,8.52,2.93,82.09,High-Achiever
66.28,43.2,20.0,1.67,1.18,37.99,At-Risk
62.81,44.22,42.36,2.84,1.35,45.68,At-Risk
90.31,89.96,74.29,9.87,3.39,85.7,High-Achiever
70.59,28.41,37.28,2.12,1.07,40.73,At-Risk
71.06,67.14,73.94,4.85,2.52,67.88,Average
80.83,67.22,63.01,4.42,3.96,70.23,Average
82.32,74.94,81.13,8.41,3.63,81.13,High-Achiever
79.66,80.27,63.9,5.05,2.09,69.42,Average
56.74,80.63,58.93,6.57,3.61,67.61,Average
67.36,57.77,43.2,1.97,1.23,49.29,At-Risk
61.38,72.28,62.94,4.65,2.74,63.8,Average
40.43,48.0,36.59,1.56,1.48,38.34,At-Risk
76.38,68.2,72.4,4.48,2.53,68.66,Average
79.72,39.51,77.64,4.65,1.24,60.86,Average
95.41,92.5,88.07,8.49,3.48,90.59,High-Achiever
83.77,67.36,90.18,9.13,3.93,83.8,High-Achiever
64.0,60.7,25.09,3.43,0.51,43.41,At-Risk
64.08,64.92,44.17,4.31,2.32,55.6,At-Risk
60.27,55.67,72.64,6.92,3.27,65.88,Average
71.45,70.86,70.73,6.29,2.55,69.48,Average
62.33,72.17,57.42,7.98,2.17,64.25,Average
76.42,89.31,84.21,8.78,3.74,84.83,High-Achiever
77.12,66.32,78.49,5.45,2.84,71.94,Average
81.52,79.01,60.49,5.43,1.79,68.19,Average
39.92,29.43,30.31,2.7,1.55,33.0,At-Risk
55.96,71.4,32.94,1.54,0.35,44.15,At-Risk
55.01,82.57,83.49,4.01,1.79,67.92,Average
83.14,87.64,74.94,7.75,3.03,80.49,High-Achiever
49.27,58.64,60.65,4.91,2.1,55.34,At-Risk
43.52,39.78,34.71,1.17,1.62,36.46,At-Risk
58.41,62.82,45.94,1.03,1.44,48.72,At-Risk
43.78,56.88,57.38,2.79,1.4,48.67,At-Risk
55.08,46.9,52.97,3.28,0.4,45.68,At-Risk
65.01,68.07,22.59,1.53,1.04,44.17,At-Risk
96.5,80.22,68.5,8.96,3.69,82.93,High-Achiever
59.18,42.97,47.21,3.85,0.93,45.88,At-Risk
51.7,77.52,48.26,1.49,1.47,51.96,At-Risk
81.0,75.78,68.9,4.54,1.6,68.4,Average
67.32,71.47,64.48,4.94,2.46,65.14,Average
57.02,62.06,46.34,1.56,1.16,48.14,At-Risk
80.38,59.86,78.35,6.91,2.12,70.79,Average
84.25,84.23,48.09,5.56,2.35,67.98,Average
80.28,58.73,79.17,4.82,1.97,68.24,Average
90.02,85.6,92.54,7.19,3.4,87.36,High-Achiever
73.33,61.0,78.15,4.18,1.36,64.61,Average
73.41,50.32,68.55,5.04,2.12,61.83,Average
78.08,89.8,81.83,7.7,3.22,82.28,High-Achiever
77.68,74.0,59.42,5.61,2.07,66.53,Average
39.17,53.55,36.11,1.53,0.59,37.01,At-Risk
66.82,70.24,64.82,5.92,2.85,66.77,Average
67.52,88.1,84.47,6.18,1.63,74.5,High-Achiever
55.85,79.65,56.92,7.4,1.75,62.74,Average
73.26,61.12,85.47,6.41,3.24,73.75,Average
43.8,59.32,46.78,2.32,0.67,43.81,At-Risk
37.17,27.49,45.15,1.11,0.55,32.2,At-Risk
89.33,90.31,72.02,5.76,2.48,78.47,High-Achiever
86.21,83.07,82.51,7.84,3.63,83.99,High-Achiever
86.68,92.37,81.98,8.49,4.0,87.85,High-Achiever
68.73,40.26,32.49,3.79,0.74,42.63,At-Risk
42.24,49.81,43.59,2.62,0.66,40.36,At-Risk
85.34,87.66,90.05,7.46,3.31,85.99,High-Achiever
86.33,87.15,84.95,8.19,3.98,86.99,High-Achiever
45.86,37.35,33.86,3.36,0.0,34.32,At-Risk
91.5,85.4,83.06,9.16,3.2,86.3,High-Achiever
72.41,57.98,73.15,4.06,1.92,63.39,Average
71.81,64.97,73.8,5.19,1.31,64.8,Average
57.95,53.84,78.59,7.4,2.02,63.98,Average
84.38,68.21,68.4,6.36,3.14,72.87,Average
80.47,80.23,78.36,7.22,2.15,76.28,High-Achiever
52.2,40.45,22.84,2.94,1.04,35.54,At-Risk
75.92,62.91,64.72,5.14,1.23,62.33,Average
62.09,74.29,54.94,5.8,2.24,61.99,Average
43.06,58.08,32.7,1.08,0.94,38.52,At-Risk
50.99,97.38,55.42,4.12,2.42,63.89,Average
39.44,59.7,43.55,1.53,0.93,41.7,At-Risk
46.77,50.15,45.34,2.49,0.83,42.38,At-Risk
82.47,73.7,72.94,5.74,2.55,73.04,Average
84.38,83.43,81.35,7.21,3.17,81.49,High-Achiever
46.52,31.74,53.35,1.46,1.55,40.89,At-Risk
78.63,90.54,78.15,8.33,4.0,84.07,High-Achiever
54.95,45.23,66.55,5.52,2.81,57.54,Average
78.5,67.01,85.31,5.59,1.61,71.59,Average
81.95,98.56,83.35,7.76,3.35,86.27,High-Achiever
82.61,74.63,79.35,7.63,3.52,79.54,High-Achiever
97.92,90.45,84.23,7.21,4.0,89.57,High-Achiever
73.95,60.85,20.0,1.99,0.77,43.6,At-Risk
82.33,66.05,60.94,7.21,2.42,68.64,Average
51.99,60.85,36.28,2.44,1.73,45.86,At-Risk
86.74,64.48,74.74,5.77,2.33,71.82,Average
50.16,25.41,48.59,1.54,1.11,37.78,At-Risk
78.49,77.87,77.34,5.09,2.92,74.69,High-Achiever
30.0,30.37,34.88,1.5,1.01,29.59,At-Risk
76.98,92.41,88.24,9.6,2.87,85.58,High-Achiever
73.94,64.47,68.72,7.28,2.04,67.59,Average
87.58,88.64,89.19,9.45,3.07,87.94,High-Achiever
65.72,74.02,57.2,5.32,1.92,62.21,Average
79.49,60.19,37.27,1.38,1.82,52.04,At-Risk
60.94,65.85,61.61,4.62,2.63,61.37,Average
54.87,36.25,49.75,3.89,1.8,46.08,At-Risk
90.01,80.39,67.31,4.97,1.93,72.58,Average
83.71,93.42,74.88,7.39,3.16,82.04,High-Achiever
63.62,36.03,22.46,3.7,1.01,37.87,At-Risk
78.97,64.66,77.9,7.94,2.4,73.22,Average
83.66,65.96,63.51,6.04,2.75,69.38,Average
93.71,84.41,91.7,9.59,3.8,91.13,High-Achiever
67.07,63.55,68.03,6.83,1.76,64.29,Average
73.23,84.25,68.55,7.52,2.06,72.61,Average
60.21,79.88,59.89,4.7,2.31,63.46,Average
69.34,72.83,58.99,7.58,1.92,65.61,Average
75.08,64.08,67.96,5.1,2.01,65.31,Average
49.61,43.09,23.78,3.49,0.63,35.36,At-Risk
68.01,61.47,49.85,5.64,1.18,55.91,At-Risk
51.16,65.9,39.56,1.59,2.41,48.75,At-Risk
67.66,20.0,20.0,2.68,0.35,31.48,At-Risk
74.39,60.18,89.45,4.67,1.52,68.95,Average
53.01,68.78,84.93,7.49,2.54,69.78,Average
91.2,96.65,88.64,9.41,3.75,92.34,High-Achiever
30.0,63.65,35.0,2.64,2.1,41.79,At-Risk
32.71,57.37,28.19,2.44,1.14,36.27,At-Risk
82.5,59.36,69.71,6.37,2.69,69.49,Average
73.26,87.39,54.0,4.13,1.83,65.06,Average
64.95,67.44,71.14,4.7,2.24,64.75,Average
80.74,90.95,83.9,7.48,4.0,85.58,High-Achiever
77.79,69.48,59.68,4.79,2.02,64.56,Average
53.35,34.28,48.31,2.95,0.11,39.64,At-Risk
95.19,71.93,67.11,4.51,2.03,71.5,Average
86.05,82.76,89.32,9.44,3.58,87.39,High-Achiever
90.29,92.39,74.89,8.82,3.48,85.66,High-Achiever
48.32,56.28,49.15,3.89,0.96,47.19,At-Risk
74.03,65.15,60.18,5.44,2.28,63.98,Average
74.78,82.55,49.05,4.6,1.59,62.62,Average
78.43,81.29,67.16,7.19,2.59,73.74,Average
82.29,54.83,72.96,6.66,2.57,69.25,Average
32.32,54.88,26.35,2.66,1.91,37.14,At-Risk
69.77,86.59,86.49,8.0,3.6,82.04,High-Achiever
94.01,83.12,83.31,8.26,2.9,84.78,High-Achiever
30.0,39.92,55.63,3.4,0.98,40.03,At-Risk
78.35,55.61,65.66,5.43,2.35,64.5,Average
50.78,61.92,79.27,5.34,2.19,62.77,Average
73.02,56.69,45.61,7.6,1.64,57.8,Average
93.67,82.84,91.86,8.36,3.69,89.28,High-Achiever
37.9,36.38,62.63,3.63,1.21,44.01,At-Risk
91.86,87.72,86.13,9.1,2.95,87.2,High-Achiever
42.6,49.78,41.54,3.42,0.89,41.19,At-Risk
46.79,44.02,53.58,3.57,0.51,43.62,At-Risk
59.22,51.56,55.26,5.79,3.05,57.7,Average
75.35,58.53,58.11,5.1,2.21,61.53,Average
42.16,54.53,35.89,2.45,0.36,38.3,At-Risk
86.93,65.29,64.76,4.13,1.79,66.09,Average
72.16,60.71,48.12,6.5,2.7,60.9,Average
59.47,62.98,68.09,7.1,1.69,62.37,Average
83.81,86.83,97.42,7.5,3.6,88.38,High-Achiever
58.59,76.52,45.36,1.46,1.13,51.67,At-Risk
76.06,75.15,70.53,6.72,2.67,72.36,Average
67.48,43.76,47.58,6.78,2.62,55.41,At-Risk
75.55,65.79,55.76,7.04,1.69,63.33,Average
62.1,77.41,54.19,4.72,2.08,61.05,Average
92.78,83.33,91.58,7.81,4.0,89.31,High-Achiever
87.41,75.05,75.31,8.92,3.77,81.54,High-Achiever
90.93,96.21,88.2,7.89,2.88,88.33,High-Achiever
87.42,86.49,84.58,8.87,3.14,85.57,High-Achiever
95.6,93.44,83.0,8.24,2.96,87.79,High-Achiever
70.66,76.11,73.73,5.48,1.24,67.39,Average
45.87,39.82,55.53,2.92,1.51,44.77,At-Risk
89.65,76.5,73.67,8.87,3.46,81.15,High-Achiever
51.05,70.54,62.15,4.99,2.88,61.23,Average
62.45,72.24,87.69,4.33,1.61,68.34,Average
55.53,68.47,25.75,1.74,1.96,45.36,At-Risk
75.24,65.09,46.84,7.48,2.17,62.05,Average
72.39,54.67,45.82,1.46,1.23,50.04,At-Risk
79.99,85.46,91.59,9.23,4.0,88.07,High-Achiever
90.91,63.38,64.49,4.11,1.57,65.96,Average
77.37,68.52,62.74,4.9,1.84,64.8,Average
91.79,96.53,89.27,8.74,3.57,91.52,High-Achiever
61.02,64.38,45.16,7.6,2.0,57.51,Average
100.0,80.75,80.32,7.06,3.58,85.29,High-Achiever
59.7,72.97,59.88,5.9,2.14,62.39,Average
65.54,85.75,51.87,5.23,2.71,65.37,Average
87.78,78.21,87.59,9.41,2.77,84.11,High-Achiever
76.56,89.65,57.92,7.92,2.71,73.62,Average
78.9,91.64,89.49,9.12,3.01,86.14,High-Achiever
93.87,80.06,78.53,8.01,3.03,82.63,High-Achiever
63.8,67.76,46.96,4.26,1.3,54.5,At-Risk
43.18,47.62,31.81,1.19,0.8,35.43,At-Risk
30.02,30.65,54.49,2.49,0.51,35.27,At-Risk
63.45,71.35,65.09,5.8,2.75,65.9,Average
91.84,100.0,76.56,8.06,3.81,88.52,High-Achiever
75.26,64.3,50.72,6.7,3.07,64.47,Average
63.06,61.31,62.75,4.03,2.2,59.45,Average
60.58,66.06,57.11,4.35,1.17,56.08,At-Risk
45.37,53.85,64.07,3.0,1.82,51.56,At-Risk
87.33,70.79,82.36,7.92,3.13,79.99,High-Achiever
81.63,71.08,60.06,7.72,2.24,69.51,Average
88.7,71.95,51.85,5.42,2.44,67.25,Average
95.76,89.77,90.41,7.79,3.03,88.88,High-Achiever
50.53,55.86,43.37,1.96,1.02,44.1,At-Risk
83.99,48.63,51.21,5.45,2.39,59.95,Average
47.77,32.62,76.45,1.2,1.03,46.81,At-Risk
78.56,69.95,64.79,6.75,1.99,68.28,Average
74.7,65.7,72.78,7.38,2.6,70.81,Average
88.3,89.47,62.76,7.46,3.34,79.08,High-Achiever
68.21,65.96,58.6,4.91,1.64,60.14,Average
80.7,72.96,66.65,5.99,2.4,70.4,Average
53.04,48.16,49.34,3.53,1.82,48.18,At-Risk
60.95,20.0,46.06,1.35,1.4,38.91,At-Risk
84.65,78.1,88.55,9.02,3.3,84.52,High-Achiever
68.81,60.04,76.84,5.97,2.21,66.77,Average
71.67,65.92,63.59,6.31,1.16,62.69,Average
87.01,76.5,61.16,4.15,2.01,68.39,Average
91.66,95.65,89.77,9.41,3.64,92.27,High-Achiever
89.33,79.7,86.41,9.27,3.46,86.1,High-Achiever
90.08,71.51,61.66,7.29,1.12,68.99,Average
53.05,57.86,31.42,3.84,0.0,40.99,At-Risk
83.88,78.3,78.14,9.48,3.25,81.58,High-Achiever
48.97,63.55,55.38,7.14,0.95,54.25,At-Risk
81.35,96.48,79.32,7.78,3.42,84.59,High-Achiever
54.65,50.34,43.31,2.5,1.45,45.38,At-Risk
30.0,55.9,48.07,3.6,0.96,41.88,At-Risk
100.0,85.03,91.09,7.83,3.96,91.31,High-Achiever
73.65,68.51,66.91,7.12,2.33,68.57,Average
48.24,55.17,59.51,2.36,0.57,47.5,At-Risk
84.45,71.65,72.37,9.91,3.48,79.35,High-Achiever
57.85,61.76,55.4,3.67,1.34,53.54,At-Risk
62.04,51.08,21.14,3.21,0.09,38.05,At-Risk
46.11,50.4,43.16,3.48,1.48,44.26,At-Risk
62.06,67.69,43.44,7.38,3.33,61.18,Average
34.58,53.96,56.79,2.07,1.8,45.75,At-Risk
58.1,51.55,76.25,6.43,3.54,65.57,Average
73.91,68.46,50.04,6.54,2.61,63.67,Average
72.67,73.16,47.81,6.92,1.91,62.5,Average
37.95,59.08,20.08,1.27,1.59,35.54,At-Risk
37.72,31.45,53.56,3.66,1.71,41.29,At-Risk
34.56,36.97,54.42,2.89,0.88,39.29,At-Risk
41.6,42.81,53.58,3.45,0.36,41.53,At-Risk
45.96,43.34,25.52,1.89,0.52,33.17,At-Risk
59.66,32.32,36.18,2.96,1.25,39.94,At-Risk
88.14,72.54,62.31,5.31,2.73,71.0,Average
89.73,86.2,83.8,8.07,3.67,86.38,High-Achiever
86.39,77.61,90.12,8.27,3.84,85.91,High-Achiever
75.74,67.13,73.88,5.3,1.51,66.97,Average
84.9,81.16,85.37,9.72,3.63,85.92,High-Achiever
33.79,44.51,43.75,3.07,0.0,35.77,At-Risk
41.74,68.6,38.65,1.75,0.83,43.02,At-Risk
65.61,54.77,83.06,6.48,2.76,68.38,Average
93.65,77.21,85.87,7.04,3.67,84.68,High-Achiever
70.97,80.25,65.42,4.51,2.27,67.62,Average
88.18,69.64,82.89,9.78,3.19,82.07,High-Achiever
54.43,51.35,51.56,1.26,2.05,48.29,At-Risk
94.18,81.38,79.24,8.29,3.55,84.83,High-Achiever
83.03,74.93,81.26,8.56,3.33,80.76,High-Achiever
53.77,36.48,56.75,3.22,1.03,45.38,At-Risk
90.45,72.48,83.76,7.97,3.35,82.2,High-Achiever
86.39,78.19,84.4,7.58,4.0,84.05,High-Achiever
61.98,65.19,84.77,7.2,2.55,70.81,Average
55.17,59.94,75.61,5.46,3.09,64.64,Average
66.23,42.09,58.99,6.14,2.42,56.96,At-Risk
66.65,67.09,68.65,5.12,2.3,64.91,Average
56.6,53.14,70.82,4.62,1.08,55.99,At-Risk
78.34,72.14,62.96,4.09,2.13,65.92,Average
77.33,55.46,80.14,4.53,2.63,68.34,Average
51.81,28.48,35.92,2.82,1.06,36.32,At-Risk
71.12,93.8,56.16,5.71,3.1,71.54,Average
96.33,94.37,87.47,7.5,3.39,89.89,High-Achiever
87.68,78.88,99.23,9.07,3.81,90.01,High-Achiever
81.65,80.36,65.98,5.19,2.31,71.26,Average
49.46,34.58,22.12,1.81,1.11,32.22,At-Risk
82.3,70.39,62.15,5.08,2.09,67.13,Average
68.25,64.82,79.1,6.31,2.51,69.58,Average
83.59,76.94,76.94,8.27,3.19,79.46,High-Achiever
94.52,87.09,85.66,7.63,3.75,88.12,High-Achiever
66.98,70.12,77.0,6.91,2.14,69.63,Average
67.65,75.51,67.16,7.22,2.37,69.09,Average
30.0,31.3,29.08,3.85,1.35,31.29,At-Risk
32.82,64.77,64.38,1.11,0.87,47.0,At-Risk
83.86,75.19,75.96,6.5,1.78,73.51,Average
56.38,88.02,63.84,7.49,3.18,70.69,Average
61.62,40.96,34.91,3.09,0.82,41.25,At-Risk
54.27,80.62,55.04,7.05,1.84,61.88,Average
40.28,42.65,63.28,1.65,1.07,44.03,At-Risk
54.52,37.71,67.26,2.96,1.25,49.31,At-Risk
86.55,68.03,63.03,4.29,2.25,67.46,Average
77.04,73.82,53.22,5.44,1.71,63.4,Average
60.9,73.67,50.34,7.89,3.53,65.45,Average
71.6,53.69,66.41,5.08,1.83,60.88,Average
47.88,27.46,39.81,2.5,0.86,35.42,At-Risk
57.44,35.11,51.07,1.41,0.92,42.16,At-Risk
100.0,75.95,86.79,7.54,3.1,85.31,High-Achiever
81.95,83.87,85.53,8.3,3.52,84.22,High-Achiever
83.08,57.6,71.74,7.88,1.62,68.62,Average
83.45,91.18,91.89,9.5,4.0,90.72,High-Achiever
74.34,52.44,68.64,6.13,2.66,65.06,Average
74.67,73.09,47.61,7.3,2.69,65.25,Average
85.02,83.62,65.35,4.6,1.79,70.83,Average
55.92,60.37,56.54,7.21,1.68,57.46,Average
72.5,66.39,49.46,4.29,2.87,61.01,Average
81.55,76.97,84.66,8.81,3.48,82.53,High-Achiever
50.61,39.94,33.73,3.33,1.06,38.72,At-Risk
61.8,50.99,53.57,1.85,1.33,49.43,At-Risk
95.26,90.92,75.38,9.63,3.61,87.81,High-Achiever
54.36,32.37,74.79,1.05,1.07,47.84,At-Risk
79.7,66.42,87.33,9.0,4.0,81.73,High-Achiever
100.0,94.96,72.19,9.49,2.95,87.25,High-Achiever
57.57,44.37,40.17,3.25,1.57,44.72,At-Risk
50.57,67.34,20.0,1.08,1.43,40.12,At-Risk
44.09,48.59,76.28,2.0,0.95,50.43,At-Risk
53.57,30.81,45.25,2.71,1.2,40.38,At-Risk
84.25,71.34,74.07,7.17,3.92,78.09,High-Achiever
73.45,61.85,57.21,5.54,2.39,62.49,Average
86.95,70.14,67.93,6.17,1.98,70.76,Average
70.27,76.84,72.18,7.65,1.33,69.41,Average
72.19,52.26,26.61,3.86,1.48,46.65,At-Risk
82.38,73.05,79.4,7.86,1.89,75.26,High-Achiever
86.56,85.99,73.2,6.63,2.53,78.04,High-Achiever
83.49,64.99,61.97,4.95,2.61,67.19,Average
87.86,81.11,76.63,7.87,3.58,82.05,High-Achiever
88.34,87.65,79.61,8.78,2.84,83.75,High-Achiever
83.41,79.14,82.44,8.4,3.79,83.24,High-Achiever
80.36,68.31,67.76,7.41,2.2,70.4,Average
65.65,77.96,61.95,4.29,2.19,64.24,Average
60.8,55.04,59.72,3.55,1.55,54.31,At-Risk
69.95,91.34,68.21,6.28,2.69,73.8,Average
93.48,82.99,78.22,8.77,3.99,86.33,High-Achiever
51.33,48.66,38.3,1.46,0.88,40.14,At-Risk
87.86,75.8,54.15,4.67,3.02,69.36,Average
54.35,60.14,35.45,1.55,0.73,42.62,At-Risk
92.35,95.63,86.09,8.69,3.86,91.18,High-Achiever
55.1,71.39,55.36,3.05,0.7,53.03,At-Risk
63.24,68.38,62.04,4.31,2.15,61.21,Average
62.56,52.37,53.69,1.28,1.99,51.08,At-Risk
82.51,79.48,75.67,7.19,3.13,78.22,High-Achiever
69.27,60.22,73.02,5.25,1.93,64.36,Average
78.03,82.87,79.57,9.88,3.67,83.16,High-Achiever
73.9,78.01,35.26,5.27,2.57,60.26,Average
50.82,57.35,39.34,3.94,0.13,43.12,At-Risk
83.88,73.37,73.42,6.13,2.09,72.71,Average
72.33,65.33,84.72,7.56,2.32,73.2,Average
49.51,61.17,65.65,5.92,2.82,60.33,Average
38.55,46.01,55.65,2.68,1.41,44.05,At-Risk
76.8,54.35,67.09,5.68,2.52,64.89,Average
69.34,82.33,70.81,7.43,2.47,72.76,Average
69.75,69.98,92.11,7.06,2.03,74.71,High-Achiever
48.76,41.28,61.81,1.96,1.1,45.77,At-Risk
90.86,82.54,76.29,7.0,3.11,81.02,High-Achiever
80.36,81.9,88.56,8.15,3.77,84.72,High-Achiever
79.71,81.0,96.62,8.48,3.42,86.2,High-Achiever
92.0,84.5,91.99,7.57,3.32,87.6,High-Achiever
78.8,73.75,62.22,7.71,2.42,70.55,Average
92.38,92.08,78.26,8.36,3.5,86.7,High-Achiever
73.76,72.09,62.95,6.83,1.98,67.12,Average
80.56,75.41,89.91,7.54,3.67,82.69,High-Achiever
91.5,88.78,83.61,7.6,3.73,87.08,High-Achiever
53.39,39.2,43.91,3.82,0.8,42.14,At-Risk
92.76,75.81,88.33,8.27,3.63,85.97,High-Achiever
85.54,97.51,76.45,7.69,4.0,86.38,High-Achiever
64.82,76.95,61.76,6.67,2.89,67.85,Average
39.68,65.25,42.76,1.9,0.13,41.29,At-Risk
83.16,61.51,75.43,6.07,2.58,71.3,Average
92.33,83.34,88.03,7.67,2.97,85.41,High-Achiever
50.11,55.07,45.31,3.62,0.31,44.27,At-Risk
62.61,66.56,51.69,6.48,2.53,60.6,Average
75.67,62.74,63.56,7.08,1.08,63.45,Average
52.41,75.33,74.41,7.38,2.91,68.91,Average
77.15,75.16,69.64,7.08,1.87,70.73,Average
96.75,72.88,92.74,8.21,3.12,86.24,High-Achiever
73.92,70.41,70.73,5.67,2.2,68.48,Average
79.22,64.27,84.0,7.54,1.98,73.57,Average
73.58,64.49,63.71,3.8,0.73,59.27,Average
61.22,34.16,43.37,2.6,1.5,43.21,At-Risk
67.71,61.08,49.53,6.44,2.15,58.88,Average
53.04,61.99,56.35,2.21,1.09,50.59,At-Risk
81.3,88.78,94.87,8.5,3.59,88.44,High-Achiever
63.72,68.86,53.21,4.66,0.59,55.25,At-Risk
67.17,83.74,51.52,7.95,1.39,64.62,Average
85.15,90.49,83.85,8.31,3.67,86.55,High-Achiever
52.98,54.4,31.63,3.38,0.79,41.69,At-Risk
46.89,36.57,40.9,2.56,1.21,38.72,At-Risk
45.8,49.65,50.27,1.24,1.45,43.82,At-Risk
43.19,40.67,35.3,1.52,0.55,34.45,At-Risk
72.82,67.01,75.11,7.47,2.04,70.06,Average
81.71,84.02,56.84,6.61,1.97,70.02,Average
71.25,58.46,42.9,1.26,1.77,50.98,At-Risk
